{
	"32": {
		"Model:modelv4": {
			"runs": {
				"0": 0.10000000149011612,
				"1": 0.30000001192092896,
				"2": 0.46666666865348816,
				"3": 0.46666666865348816,
				"4": 0.5333333611488342,
				"5": 0.4000000059604645,
				"6": 0.5333333611488342,
				"7": 0.5333333611488342,
				"8": 0.5666666626930237,
				"9": 0.5666666626930237
			}
		}
	},
	"64": {
		"Model:modelv4": {
			"runs": {
				"0": 0.5,
				"1": 0.5666666626930237,
				"2": 0.6000000238418579,
				"3": 0.5666666626930237,
				"4": 0.5666666626930237,
				"5": 0.5666666626930237,
				"6": 0.5666666626930237,
				"7": 0.5666666626930237,
				"8": 0.5666666626930237,
				"9": 0.5666666626930237
			}
		}
	},
	"256": {
		"Model:modelv4": {
			"runs": {
				"0": 0.0,
				"1": 0.0,
				"2": 0.0,
				"3": 0.0,
				"4": 0.0,
				"5": 0.0,
				"6": 0.0,
				"7": 0.0,
				"8": 0.0,
				"9": 0.0
			}
		}
	},
	"512": {
		"Model:modelv4": {
			"runs": {
				"0": 0.0,
				"1": 0.0,
				"2": 0.0,
				"3": 0.0,
				"4": 0.0,
				"5": 0.0,
				"6": 0.0,
				"7": 0.0,
				"8": 0.0,
				"9": 0.0
			}
		}
	},
	"epochs": 120,
	"train_folder_len": 270,
	"val_folder_len": 30,
	"info": {
		"KFold": 10
	},
	"model": "modelv4"
}
