{"32": {"Model:modelv2": {"runs": {"0": 0.06666667014360428, "1": 0.06666667014360428, "2": 0.1666666716337204, "3": 0.30000001192092896, "4": 0.46666666865348816, "5": 0.5666666626930237, "6": 0.5333333611488342, "7": 0.6333333253860474, "8": 0.5666666626930237, "9": 0.6333333253860474}}}, "64": {"Model:modelv2": {"runs": {"0": 0.06666667014360428, "1": 0.30000001192092896, "2": 0.5, "3": 0.5666666626930237, "4": 0.6333333253860474, "5": 0.6333333253860474, "6": 0.6000000238418579, "7": 0.6666666865348816, "8": 0.6333333253860474, "9": 0.6333333253860474}}}, "256": {"Model:modelv2": {"runs": {"0": 0.3333333432674408, "1": 0.6666666865348816, "2": 0.6666666865348816, "3": 0.6666666865348816, "4": 0.6666666865348816, "5": 0.6666666865348816, "6": 0.6666666865348816, "7": 0.6666666865348816, "8": 0.6666666865348816, "9": 0.699999988079071}}}, "512": {"Model:modelv2": {"runs": {"0": 0.0, "1": 0.0, "2": 0.06666667014360428, "3": 0.10000000149011612, "4": 0.2666666805744171, "5": 0.5, "6": 0.699999988079071, "7": 0.6666666865348816, "8": 0.699999988079071, "9": 0.699999988079071}}}, "epochs": 240, "train_folder_len": 270, "val_folder_len": 30, "info": {"KFold": 10, "C": 0.01, "kernel": 4}, "model": "modelv2"}