{"32": {"0": 0.07777778059244156, "1": 0.03333333507180214, "2": 0.02777777798473835, "3": 0.0555555559694767, "4": 0.07222222536802292, "5": 0.03333333507180214, "6": 0.0833333358168602, "7": 0.02222222276031971, "8": 0.08888889104127884, "9": 0.03333333507180214}, "64": {"0": 0.09444444626569748, "1": 0.1111111119389534, "2": 0.06666667014360428, "3": 0.05000000074505806, "4": 0.06666667014360428, "5": 0.08888889104127884, "6": 0.06666667014360428, "7": 0.06666667014360428, "8": 0.10555555671453476, "9": 0.0833333358168602}, "256": {"0": 0.10000000149011612, "1": 0.06666667014360428, "2": 0.05000000074505806, "3": 0.0555555559694767, "4": 0.03333333507180214, "5": 0.06111111119389534, "6": 0.10000000149011612, "7": 0.16111111640930176, "8": 0.06111111119389534, "9": 0.07777778059244156}, "512": {"0": 0.08888889104127884, "1": 0.03333333507180214, "2": 0.0, "3": 0.02222222276031971, "4": 0.0555555559694767, "5": 0.01666666753590107, "6": 0.04444444552063942, "7": 0.0833333358168602, "8": 0.07777778059244156, "9": 0.0}, "epochs": 120, "train_folder_len": 300, "val_folder_len": 180}