{"32": {"0": 0.06111111119389534, "1": 0.0833333358168602, "2": 0.02777777798473835, "3": 0.06666667014360428, "4": 0.07777778059244156, "5": 0.0555555559694767, "6": 0.10000000149011612, "7": 0.04444444552063942, "8": 0.0833333358168602, "9": 0.10000000149011612}, "64": {"0": 0.0555555559694767, "1": 0.10000000149011612, "2": 0.05000000074505806, "3": 0.09444444626569748, "4": 0.05000000074505806, "5": 0.07777778059244156, "6": 0.10000000149011612, "7": 0.05000000074505806, "8": 0.03888889029622078, "9": 0.07222222536802292}, "256": {"0": 0.07777778059244156, "1": 0.12222222238779068, "2": 0.06666667014360428, "3": 0.07777778059244156, "4": 0.05000000074505806, "5": 0.05000000074505806, "6": 0.08888889104127884, "7": 0.07777778059244156, "8": 0.07222222536802292, "9": 0.10000000149011612}, "512": {"0": 0.15000000596046448, "1": 0.0833333358168602, "2": 0.10555555671453476, "3": 0.13333334028720856, "4": 0.03333333507180214, "5": 0.06666667014360428, "6": 0.06666667014360428, "7": 0.06666667014360428, "8": 0.01666666753590107, "9": 0.08888889104127884}, "epochs": 480, "train_folder_len": 300, "val_folder_len": 180}