{"32": {"0": 0.0555555559694767, "1": 0.0555555559694767, "2": 0.05000000074505806, "3": 0.06111111119389534, "4": 0.04444444552063942, "5": 0.0555555559694767, "6": 0.09444444626569748, "7": 0.06111111119389534, "8": 0.1111111119389534, "9": 0.1111111119389534}, "64": {"0": 0.12777778506278992, "1": 0.02222222276031971, "2": 0.10000000149011612, "3": 0.08888889104127884, "4": 0.06111111119389534, "5": 0.0833333358168602, "6": 0.03333333507180214, "7": 0.07222222536802292, "8": 0.05000000074505806, "9": 0.10555555671453476}, "256": {"0": 0.03333333507180214, "1": 0.10555555671453476, "2": 0.1111111119389534, "3": 0.07777778059244156, "4": 0.07777778059244156, "5": 0.10555555671453476, "6": 0.10000000149011612, "7": 0.09444444626569748, "8": 0.06666667014360428, "9": 0.10555555671453476}, "512": {"0": 0.0833333358168602, "1": 0.1111111119389534, "2": 0.01666666753590107, "3": 0.02222222276031971, "4": 0.09444444626569748, "5": 0.12777778506278992, "6": 0.0833333358168602, "7": 0.0833333358168602, "8": 0.12222222238779068, "9": 0.07222222536802292}, "epochs": 240, "train_folder_len": 300, "val_folder_len": 180}