{"32": {"0": 0.04444444552063942, "1": 0.04444444552063942, "2": 0.02222222276031971, "3": 0.06111111119389534, "4": 0.02222222276031971, "5": 0.03333333507180214, "6": 0.0555555559694767, "7": 0.02777777798473835, "8": 0.04444444552063942, "9": 0.03888889029622078}, "64": {"0": 0.06111111119389534, "1": 0.03888889029622078, "2": 0.03888889029622078, "3": 0.0555555559694767, "4": 0.02222222276031971, "5": 0.04444444552063942, "6": 0.02777777798473835, "7": 0.06111111119389534, "8": 0.06111111119389534, "9": 0.05000000074505806}, "256": {"0": 0.02222222276031971, "1": 0.03333333507180214, "2": 0.02222222276031971, "3": 0.04444444552063942, "4": 0.03888889029622078, "5": 0.01666666753590107, "6": 0.02222222276031971, "7": 0.03333333507180214, "8": 0.05000000074505806, "9": 0.03333333507180214}, "512": {"0": 0.01666666753590107, "1": 0.04444444552063942, "2": 0.01666666753590107, "3": 0.01666666753590107, "4": 0.02222222276031971, "5": 0.02222222276031971, "6": 0.01666666753590107, "7": 0.0, "8": 0.01666666753590107, "9": 0.03333333507180214}, "epochs": 60, "train_folder_len": 300, "val_folder_len": 180}