{"32": {"0": 0.05000000074505806, "1": 0.05000000074505806, "2": 0.04444444552063942, "3": 0.011111111380159855, "4": 0.05000000074505806, "5": 0.02222222276031971, "6": 0.05000000074505806, "7": 0.03333333507180214, "8": 0.05000000074505806, "9": 0.06111111119389534}, "64": {"0": 0.03888889029622078, "1": 0.0555555559694767, "2": 0.0555555559694767, "3": 0.05000000074505806, "4": 0.05000000074505806, "5": 0.03333333507180214, "6": 0.06111111119389534, "7": 0.03333333507180214, "8": 0.05000000074505806, "9": 0.05000000074505806}, "256": {"0": 0.03333333507180214, "1": 0.03333333507180214, "2": 0.03333333507180214, "3": 0.02777777798473835, "4": 0.05000000074505806, "5": 0.05000000074505806, "6": 0.0, "7": 0.04444444552063942, "8": 0.03333333507180214, "9": 0.05000000074505806}, "512": {"0": 0.011111111380159855, "1": 0.05000000074505806, "2": 0.04444444552063942, "3": 0.02777777798473835, "4": 0.011111111380159855, "5": 0.03888889029622078, "6": 0.03333333507180214, "7": 0.03333333507180214, "8": 0.03333333507180214, "9": 0.03333333507180214}, "epochs": 30, "train_folder_len": 300, "val_folder_len": 180}