{"32": {"0": 0.02777777798473835, "1": 0.02777777798473835, "2": 0.02777777798473835, "3": 0.02777777798473835, "4": 0.02777777798473835, "5": 0.02777777798473835, "6": 0.02777777798473835, "7": 0.02777777798473835, "8": 0.02777777798473835, "9": 0.02777777798473835}, "64": {"0": 0.02777777798473835, "1": 0.02777777798473835, "2": 0.02777777798473835, "3": 0.02777777798473835, "4": 0.02777777798473835, "5": 0.02777777798473835, "6": 0.02777777798473835, "7": 0.02777777798473835, "8": 0.02777777798473835, "9": 0.02777777798473835}, "256": {"0": 0.02777777798473835, "1": 0.02777777798473835, "2": 0.04444444552063942, "3": 0.02777777798473835, "4": 0.02777777798473835, "5": 0.02777777798473835, "6": 0.02777777798473835, "7": 0.02777777798473835, "8": 0.02777777798473835, "9": 0.02777777798473835}, "512": {"0": 0.02777777798473835, "1": 0.01666666753590107, "2": 0.02777777798473835, "3": 0.02777777798473835, "4": 0.02777777798473835, "5": 0.02777777798473835, "6": 0.02777777798473835, "7": 0.02777777798473835, "8": 0.01666666753590107, "9": 0.02777777798473835}, "epochs": 15, "train_folder_len": 300, "val_folder_len": 180}