{"32": {"0": 0.0, "1": 0.02222222276031971, "2": 0.01666666753590107, "3": 0.011111111380159855, "4": 0.02777777798473835, "5": 0.03888889029622078, "6": 0.02222222276031971, "7": 0.02777777798473835, "8": 0.0055555556900799274, "9": 0.0}, "64": {"0": 0.02777777798473835, "1": 0.02777777798473835, "2": 0.03333333507180214, "3": 0.0555555559694767, "4": 0.03888889029622078, "5": 0.03888889029622078, "6": 0.04444444552063942, "7": 0.02777777798473835, "8": 0.05000000074505806, "9": 0.02777777798473835}, "256": {"0": 0.0, "1": 0.0, "2": 0.0, "3": 0.01666666753590107, "4": 0.03888889029622078, "5": 0.02222222276031971, "6": 0.01666666753590107, "7": 0.03888889029622078, "8": 0.0, "9": 0.02222222276031971}, "512": {"0": 0.0, "1": 0.03888889029622078, "2": 0.02222222276031971, "3": 0.0, "4": 0.0, "5": 0.0, "6": 0.01666666753590107, "7": 0.0055555556900799274, "8": 0.0, "9": 0.0}, "epochs": 30, "train_folder_len": 300, "val_folder_len": 180}