{"32": {"Model:modelv2": {"runs": {"0": 0.20000000298023224, "1": 0.20000000298023224, "2": 0.23333333432674408, "3": 0.3333333432674408, "4": 0.46666666865348816, "5": 0.2666666805744171, "6": 0.3333333432674408, "7": 0.4333333373069763, "8": 0.5333333611488342, "9": 0.6000000238418579}}}, "64": {"Model:modelv2": {"runs": {"0": 0.13333334028720856, "1": 0.3333333432674408, "2": 0.3333333432674408, "3": 0.5, "4": 0.5333333611488342, "5": 0.5, "6": 0.6000000238418579, "7": 0.30000001192092896, "8": 0.6000000238418579, "9": 0.5333333611488342}}}, "256": {"Model:modelv2": {"runs": {"0": 0.06666667014360428, "1": 0.46666666865348816, "2": 0.4000000059604645, "3": 0.5333333611488342, "4": 0.5333333611488342, "5": 0.5333333611488342, "6": 0.5333333611488342, "7": 0.5333333611488342, "8": 0.5333333611488342, "9": 0.5333333611488342}}}, "512": {"Model:modelv2": {"runs": {"0": 0.0, "1": 0.06666667014360428, "2": 0.4000000059604645, "3": 0.5333333611488342, "4": 0.5, "5": 0.5333333611488342, "6": 0.5333333611488342, "7": 0.5333333611488342, "8": 0.5333333611488342, "9": 0.5333333611488342}}}, "epochs": 240, "train_folder_len": 270, "val_folder_len": 30, "info": {"KFold": 10, "C": 0.01, "kernel": 4}, "model": "modelv2"}