{"32": {"Model:1": {"runs": {"0": 0.11666666716337204, "1": 0.1388888955116272, "2": 0.10000000149011612, "3": 0.13333334028720856, "4": 0.07222222536802292, "5": 0.1111111119389534, "6": 0.0833333358168602, "7": 0.0833333358168602, "8": 0.07222222536802292, "9": 0.0833333358168602}}, "Model:2": {"runs": {"0": 0.11666666716337204, "1": 0.1388888955116272, "2": 0.10000000149011612, "3": 0.13333334028720856, "4": 0.07222222536802292, "5": 0.1111111119389534, "6": 0.0833333358168602, "7": 0.0833333358168602, "8": 0.07222222536802292, "9": 0.0833333358168602}}, "Model:3": {"runs": {"0": 0.11666666716337204, "1": 0.1388888955116272, "2": 0.10000000149011612, "3": 0.13333334028720856, "4": 0.07222222536802292, "5": 0.1111111119389534, "6": 0.0833333358168602, "7": 0.0833333358168602, "8": 0.07222222536802292, "9": 0.0833333358168602}}}, "64": {"Model:1": {"runs": {"0": 0.06111111119389534, "1": 0.07222222536802292, "2": 0.10000000149011612, "3": 0.0833333358168602, "4": 0.12222222238779068, "5": 0.11666666716337204, "6": 0.10555555671453476, "7": 0.11666666716337204, "8": 0.10555555671453476, "9": 0.12222222238779068}}, "Model:2": {"runs": {"0": 0.06111111119389534, "1": 0.07222222536802292, "2": 0.10000000149011612, "3": 0.0833333358168602, "4": 0.12222222238779068, "5": 0.11666666716337204, "6": 0.10555555671453476, "7": 0.11666666716337204, "8": 0.10555555671453476, "9": 0.12222222238779068}}, "Model:3": {"runs": {"0": 0.06111111119389534, "1": 0.07222222536802292, "2": 0.10000000149011612, "3": 0.0833333358168602, "4": 0.12222222238779068, "5": 0.11666666716337204, "6": 0.10555555671453476, "7": 0.11666666716337204, "8": 0.10555555671453476, "9": 0.12222222238779068}}}, "256": {"Model:1": {"runs": {"0": 0.0055555556900799274, "1": 0.0055555556900799274, "2": 0.0055555556900799274, "3": 0.0055555556900799274, "4": 0.0055555556900799274, "5": 0.0055555556900799274, "6": 0.0055555556900799274, "7": 0.0055555556900799274, "8": 0.0055555556900799274, "9": 0.0055555556900799274}}, "Model:2": {"runs": {"0": 0.0055555556900799274, "1": 0.0055555556900799274, "2": 0.0055555556900799274, "3": 0.0055555556900799274, "4": 0.0055555556900799274, "5": 0.0055555556900799274, "6": 0.0055555556900799274, "7": 0.0055555556900799274, "8": 0.0055555556900799274, "9": 0.0055555556900799274}}, "Model:3": {"runs": {"0": 0.0055555556900799274, "1": 0.0055555556900799274, "2": 0.0055555556900799274, "3": 0.0055555556900799274, "4": 0.0055555556900799274, "5": 0.0055555556900799274, "6": 0.0055555556900799274, "7": 0.0055555556900799274, "8": 0.0055555556900799274, "9": 0.0055555556900799274}}}, "512": {"Model:1": {"runs": {"0": 0.0055555556900799274, "1": 0.0055555556900799274, "2": 0.0055555556900799274, "3": 0.0055555556900799274, "4": 0.0055555556900799274, "5": 0.0055555556900799274, "6": 0.0055555556900799274, "7": 0.0055555556900799274, "8": 0.0055555556900799274, "9": 0.0055555556900799274}}, "Model:2": {"runs": {"0": 0.0055555556900799274, "1": 0.0055555556900799274, "2": 0.0055555556900799274, "3": 0.0055555556900799274, "4": 0.0055555556900799274, "5": 0.0055555556900799274, "6": 0.0055555556900799274, "7": 0.0055555556900799274, "8": 0.0055555556900799274, "9": 0.0055555556900799274}}, "Model:3": {"runs": {"0": 0.0055555556900799274, "1": 0.0055555556900799274, "2": 0.0055555556900799274, "3": 0.0055555556900799274, "4": 0.0055555556900799274, "5": 0.0055555556900799274, "6": 0.0055555556900799274, "7": 0.0055555556900799274, "8": 0.0055555556900799274, "9": 0.0055555556900799274}}}, "epochs": 240, "train_folder_len": 300, "val_folder_len": 180}