{"32": {"Model:1": {"runs": {"0": 0.12222222238779068, "1": 0.11666666716337204, "2": 0.1111111119389534, "3": 0.10000000149011612, "4": 0.10555555671453476, "5": 0.1111111119389534, "6": 0.0055555556900799274, "7": 0.0055555556900799274, "8": 0.0055555556900799274, "9": 0.0055555556900799274}}, "Model:2": {"runs": {"0": 0.12222222238779068, "1": 0.11666666716337204, "2": 0.1111111119389534, "3": 0.10000000149011612, "4": 0.10555555671453476, "5": 0.1111111119389534, "6": 0.0055555556900799274, "7": 0.0055555556900799274, "8": 0.0055555556900799274, "9": 0.0055555556900799274}}, "Model:3": {"runs": {"0": 0.12222222238779068, "1": 0.11666666716337204, "2": 0.1111111119389534, "3": 0.10000000149011612, "4": 0.10555555671453476, "5": 0.1111111119389534, "6": 0.0055555556900799274, "7": 0.0055555556900799274, "8": 0.0055555556900799274, "9": 0.0055555556900799274}}}, "64": {"Model:1": {"runs": {"0": 0.11666666716337204, "1": 0.06666667014360428, "2": 0.12777778506278992, "3": 0.01666666753590107, "4": 0.0833333358168602, "5": 0.10000000149011612, "6": 0.1111111119389534, "7": 0.10000000149011612, "8": 0.10000000149011612, "9": 0.12777778506278992}}, "Model:2": {"runs": {"0": 0.11666666716337204, "1": 0.06666667014360428, "2": 0.12777778506278992, "3": 0.01666666753590107, "4": 0.0833333358168602, "5": 0.10000000149011612, "6": 0.1111111119389534, "7": 0.10000000149011612, "8": 0.10000000149011612, "9": 0.12777778506278992}}, "Model:3": {"runs": {"0": 0.11666666716337204, "1": 0.06666667014360428, "2": 0.12777778506278992, "3": 0.01666666753590107, "4": 0.0833333358168602, "5": 0.10000000149011612, "6": 0.1111111119389534, "7": 0.10000000149011612, "8": 0.10000000149011612, "9": 0.12777778506278992}}}, "256": {"Model:1": {"runs": {"0": 0.0055555556900799274, "1": 0.0055555556900799274, "2": 0.0055555556900799274, "3": 0.0055555556900799274, "4": 0.0055555556900799274, "5": 0.0055555556900799274, "6": 0.0055555556900799274, "7": 0.0055555556900799274, "8": 0.0055555556900799274, "9": 0.0055555556900799274}}, "Model:2": {"runs": {"0": 0.0055555556900799274, "1": 0.0055555556900799274, "2": 0.0055555556900799274, "3": 0.0055555556900799274, "4": 0.0055555556900799274, "5": 0.0055555556900799274, "6": 0.0055555556900799274, "7": 0.0055555556900799274, "8": 0.0055555556900799274, "9": 0.0055555556900799274}}, "Model:3": {"runs": {"0": 0.0055555556900799274, "1": 0.0055555556900799274, "2": 0.0055555556900799274, "3": 0.0055555556900799274, "4": 0.0055555556900799274, "5": 0.0055555556900799274, "6": 0.0055555556900799274, "7": 0.0055555556900799274, "8": 0.0055555556900799274, "9": 0.0055555556900799274}}}, "512": {"Model:1": {"runs": {"0": 0.0055555556900799274, "1": 0.0055555556900799274, "2": 0.0055555556900799274, "3": 0.0055555556900799274, "4": 0.0055555556900799274, "5": 0.0055555556900799274, "6": 0.0055555556900799274, "7": 0.0055555556900799274, "8": 0.0055555556900799274, "9": 0.0055555556900799274}}, "Model:2": {"runs": {"0": 0.0055555556900799274, "1": 0.0055555556900799274, "2": 0.0055555556900799274, "3": 0.0055555556900799274, "4": 0.0055555556900799274, "5": 0.0055555556900799274, "6": 0.0055555556900799274, "7": 0.0055555556900799274, "8": 0.0055555556900799274, "9": 0.0055555556900799274}}, "Model:3": {"runs": {"0": 0.0055555556900799274, "1": 0.0055555556900799274, "2": 0.0055555556900799274, "3": 0.0055555556900799274, "4": 0.0055555556900799274, "5": 0.0055555556900799274, "6": 0.0055555556900799274, "7": 0.0055555556900799274, "8": 0.0055555556900799274, "9": 0.0055555556900799274}}}, "epochs": 480, "train_folder_len": 300, "val_folder_len": 180}