{"32": {"Model:modelv3": {"runs": {"0": 0.46666666865348816, "1": 0.46666666865348816, "2": 0.5333333611488342, "3": 0.6333333253860474, "4": 0.6333333253860474, "5": 0.5666666626930237, "6": 0.5666666626930237, "7": 0.6000000238418579, "8": 0.6000000238418579, "9": 0.6000000238418579}}}, "64": {"Model:modelv3": {"runs": {"0": 0.5333333611488342, "1": 0.6333333253860474, "2": 0.6000000238418579, "3": 0.6000000238418579, "4": 0.6333333253860474, "5": 0.6000000238418579, "6": 0.6000000238418579, "7": 0.5333333611488342, "8": 0.5666666626930237, "9": 0.6000000238418579}}}, "256": {"Model:modelv3": {"runs": {"0": 0.5666666626930237, "1": 0.5333333611488342, "2": 0.5666666626930237, "3": 0.5666666626930237, "4": 0.5333333611488342, "5": 0.5333333611488342, "6": 0.5666666626930237, "7": 0.5666666626930237, "8": 0.6000000238418579, "9": 0.5333333611488342}}}, "512": {"Model:modelv3": {"runs": {"0": 0.0, "1": 0.0, "2": 0.03333333507180214, "3": 0.0, "4": 0.0, "5": 0.03333333507180214, "6": 0.0, "7": 0.03333333507180214, "8": 0.03333333507180214, "9": 0.0}}}, "epochs": 240, "train_folder_len": 270, "val_folder_len": 30, "info": {"KFold": 10, "C": 0.01, "kernel": 4}, "model": "modelv3"}