{"32": {"Model:modelv2": {"runs": {"0": 0.13333334028720856, "1": 0.20000000298023224, "2": 0.4000000059604645, "3": 0.46666666865348816, "4": 0.5, "5": 0.46666666865348816, "6": 0.5, "7": 0.5333333611488342, "8": 0.5333333611488342, "9": 0.5}}}, "64": {"Model:modelv2": {"runs": {"0": 0.10000000149011612, "1": 0.4000000059604645, "2": 0.5333333611488342, "3": 0.5666666626930237, "4": 0.5666666626930237, "5": 0.5666666626930237, "6": 0.5666666626930237, "7": 0.5666666626930237, "8": 0.5, "9": 0.5333333611488342}}}, "256": {"Model:modelv2": {"runs": {"0": 0.06666667014360428, "1": 0.4333333373069763, "2": 0.5666666626930237, "3": 0.6000000238418579, "4": 0.46666666865348816, "5": 0.6000000238418579, "6": 0.5666666626930237, "7": 0.6000000238418579, "8": 0.5666666626930237, "9": 0.5666666626930237}}}, "512": {"Model:modelv2": {"runs": {"0": 0.03333333507180214, "1": 0.06666667014360428, "2": 0.1666666716337204, "3": 0.30000001192092896, "4": 0.3333333432674408, "5": 0.5333333611488342, "6": 0.5666666626930237, "7": 0.5666666626930237, "8": 0.5666666626930237, "9": 0.5666666626930237}}}, "epochs": 240, "train_folder_len": 270, "val_folder_len": 30, "info": {"KFold": 10, "C": 0.01, "kernel": 4}, "model": "modelv2"}