{"32": {"Model:modelv4": {"runs": {"0": 0.20000000298023224, "1": 0.4000000059604645, "2": 0.5666666626930237, "3": 0.5666666626930237, "4": 0.5666666626930237, "5": 0.6333333253860474, "6": 0.13333334028720856, "7": 0.6666666865348816, "8": 0.6333333253860474, "9": 0.03333333507180214}}}, "64": {"Model:modelv4": {"runs": {"0": 0.5666666626930237, "1": 0.6000000238418579, "2": 0.6000000238418579, "3": 0.6333333253860474, "4": 0.5333333611488342, "5": 0.6000000238418579, "6": 0.6333333253860474, "7": 0.6000000238418579, "8": 0.6333333253860474, "9": 0.6000000238418579}}}, "256": {"Model:modelv4": {"runs": {"0": 0.0, "1": 0.0, "2": 0.0, "3": 0.0, "4": 0.0, "5": 0.0, "6": 0.0, "7": 0.0, "8": 0.0, "9": 0.0}}}, "512": {"Model:modelv4": {"runs": {"0": 0.0, "1": 0.0, "2": 0.0, "3": 0.0, "4": 0.0, "5": 0.0, "6": 0.0, "7": 0.0, "8": 0.03333333507180214, "9": 0.0}}}, "epochs": 240, "train_folder_len": 270, "val_folder_len": 30, "info": {"KFold": 10, "C": 0.01, "kernel": 4}, "model": "modelv4"}