{"32": {"Model:modelv4": {"runs": {"0": 0.5333333611488342, "1": 0.5666666626930237, "2": 0.6000000238418579, "3": 0.6000000238418579, "4": 0.6000000238418579, "5": 0.06666667014360428, "6": 0.4333333373069763, "7": 0.6000000238418579, "8": 0.6000000238418579, "9": 0.6000000238418579}}}, "64": {"Model:modelv4": {"runs": {"0": 0.6000000238418579, "1": 0.6000000238418579, "2": 0.6333333253860474, "3": 0.6000000238418579, "4": 0.03333333507180214, "5": 0.0, "6": 0.03333333507180214, "7": 0.03333333507180214, "8": 0.03333333507180214, "9": 0.0}}}, "256": {"Model:modelv4": {"runs": {"0": 0.03333333507180214, "1": 0.0, "2": 0.0, "3": 0.0, "4": 0.0, "5": 0.0, "6": 0.03333333507180214, "7": 0.03333333507180214, "8": 0.03333333507180214, "9": 0.0}}}, "512": {"Model:modelv4": {"runs": {"0": 0.0, "1": 0.03333333507180214, "2": 0.03333333507180214, "3": 0.0, "4": 0.03333333507180214, "5": 0.03333333507180214, "6": 0.0, "7": 0.0, "8": 0.0, "9": 0.0}}}, "epochs": 240, "train_folder_len": 270, "val_folder_len": 30, "info": {"KFold": 10, "C": 0.01, "kernel": 4}, "model": "modelv4"}