{"32": {"Model:modelv2": {"runs": {"0": 0.13333334028720856, "1": 0.23333333432674408, "2": 0.36666667461395264, "3": 0.5, "4": 0.5666666626930237, "5": 0.6000000238418579, "6": 0.5333333611488342, "7": 0.5333333611488342, "8": 0.699999988079071, "9": 0.6333333253860474}}}, "64": {"Model:modelv2": {"runs": {"0": 0.1666666716337204, "1": 0.23333333432674408, "2": 0.5, "3": 0.6000000238418579, "4": 0.6000000238418579, "5": 0.6666666865348816, "6": 0.6666666865348816, "7": 0.6000000238418579, "8": 0.6666666865348816, "9": 0.6666666865348816}}}, "256": {"Model:modelv2": {"runs": {"0": 0.3333333432674408, "1": 0.6333333253860474, "2": 0.6333333253860474, "3": 0.6666666865348816, "4": 0.6333333253860474, "5": 0.6666666865348816, "6": 0.6666666865348816, "7": 0.6666666865348816, "8": 0.6666666865348816, "9": 0.6666666865348816}}}, "512": {"Model:modelv2": {"runs": {"0": 0.03333333507180214, "1": 0.10000000149011612, "2": 0.4000000059604645, "3": 0.699999988079071, "4": 0.699999988079071, "5": 0.5666666626930237, "6": 0.6666666865348816, "7": 0.699999988079071, "8": 0.699999988079071, "9": 0.699999988079071}}}, "epochs": 240, "train_folder_len": 270, "val_folder_len": 30, "info": {"KFold": 10, "C": 0.01, "kernel": 4}, "model": "modelv2"}