{"32": {"Model:modelv3": {"runs": {"0": 0.5333333611488342, "1": 0.6666666865348816, "2": 0.6666666865348816, "3": 0.6666666865348816, "4": 0.6666666865348816, "5": 0.6666666865348816, "6": 0.6666666865348816, "7": 0.699999988079071, "8": 0.6666666865348816, "9": 0.6666666865348816}}}, "64": {"Model:modelv3": {"runs": {"0": 0.6666666865348816, "1": 0.699999988079071, "2": 0.699999988079071, "3": 0.699999988079071, "4": 0.699999988079071, "5": 0.699999988079071, "6": 0.46666666865348816, "7": 0.6666666865348816, "8": 0.699999988079071, "9": 0.6666666865348816}}}, "256": {"Model:modelv3": {"runs": {"0": 0.6333333253860474, "1": 0.6333333253860474, "2": 0.6666666865348816, "3": 0.6333333253860474, "4": 0.6333333253860474, "5": 0.6666666865348816, "6": 0.6333333253860474, "7": 0.6333333253860474, "8": 0.6333333253860474, "9": 0.6666666865348816}}}, "512": {"Model:modelv3": {"runs": {"0": 0.0, "1": 0.0, "2": 0.0, "3": 0.0, "4": 0.0, "5": 0.0, "6": 0.0, "7": 0.0, "8": 0.0, "9": 0.0}}}, "epochs": 240, "train_folder_len": 270, "val_folder_len": 30, "info": {"KFold": 10, "C": 0.01, "kernel": 4}, "model": "modelv3"}