{
	"32": {
		"Model:modelv3": {
			"runs": {
				"0": 0.13333334028720856,
				"1": 0.4333333373069763,
				"2": 0.5333333611488342,
				"3": 0.6000000238418579,
				"4": 0.6000000238418579,
				"5": 0.5666666626930237,
				"6": 0.6000000238418579,
				"7": 0.5666666626930237,
				"8": 0.5666666626930237,
				"9": 0.5666666626930237
			}
		}
	},
	"64": {
		"Model:modelv3": {
			"runs": {
				"0": 0.36666667461395264,
				"1": 0.46666666865348816,
				"2": 0.6000000238418579,
				"3": 0.5666666626930237,
				"4": 0.30000001192092896,
				"5": 0.5666666626930237,
				"6": 0.5666666626930237,
				"7": 0.5666666626930237,
				"8": 0.5666666626930237,
				"9": 0.5666666626930237
			}
		}
	},
	"256": {
		"Model:modelv3": {
			"runs": {
				"0": 0.03333333507180214,
				"1": 0.5333333611488342,
				"2": 0.5666666626930237,
				"3": 0.6333333253860474,
				"4": 0.5666666626930237,
				"5": 0.5666666626930237,
				"6": 0.5666666626930237,
				"7": 0.5333333611488342,
				"8": 0.5666666626930237,
				"9": 0.5666666626930237
			}
		}
	},
	"512": {
		"Model:modelv3": {
			"runs": {
				"0": 0.0,
				"1": 0.0,
				"2": 0.0,
				"3": 0.0,
				"4": 0.0,
				"5": 0.0,
				"6": 0.0,
				"7": 0.0,
				"8": 0.0,
				"9": 0.0
			}
		}
	},
	"epochs": 120,
	"train_folder_len": 270,
	"val_folder_len": 30,
	"info": {
		"KFold": 10
	},
	"model": "modelv3"
}
