{"1": 0.13157894736842105, "2": 0.13157894736842105, "3": 0.13157894736842105, "4": 0.13157894736842105, "5": 0.13157894736842105, "6": 0.13157894736842105, "7": 0.13157894736842105, "8": 0.13157894736842105, "9": 0.13157894736842105, "info": {"KFold": 10, "C": 0.001, "kernel": 5}}