{"32": {"Model:modelv2": {"runs": {"0": 0.13333334028720856, "1": 0.36666667461395264, "2": 0.4333333373069763, "3": 0.4000000059604645, "4": 0.5666666626930237, "5": 0.6000000238418579, "6": 0.6000000238418579, "7": 0.6000000238418579, "8": 0.5666666626930237, "9": 0.6000000238418579}}}, "64": {"Model:modelv2": {"runs": {"0": 0.23333333432674408, "1": 0.36666667461395264, "2": 0.6000000238418579, "3": 0.5, "4": 0.6000000238418579, "5": 0.6000000238418579, "6": 0.6000000238418579, "7": 0.6000000238418579, "8": 0.6000000238418579, "9": 0.6000000238418579}}}, "256": {"Model:modelv2": {"runs": {"0": 0.2666666805744171, "1": 0.6333333253860474, "2": 0.6333333253860474, "3": 0.6333333253860474, "4": 0.6333333253860474, "5": 0.6000000238418579, "6": 0.6666666865348816, "7": 0.6333333253860474, "8": 0.6666666865348816, "9": 0.6333333253860474}}}, "512": {"Model:modelv2": {"runs": {"0": 0.06666667014360428, "1": 0.20000000298023224, "2": 0.20000000298023224, "3": 0.4000000059604645, "4": 0.6000000238418579, "5": 0.5, "6": 0.6333333253860474, "7": 0.46666666865348816, "8": 0.6000000238418579, "9": 0.6000000238418579}}}, "epochs": 240, "train_folder_len": 270, "val_folder_len": 30, "info": {"KFold": 10, "C": 0.01, "kernel": 4}, "model": "modelv2"}