{"32": {"Model:modelv2": {"runs": {"0": 0.1666666716337204, "1": 0.2666666805744171, "2": 0.2666666805744171, "3": 0.36666667461395264, "4": 0.46666666865348816, "5": 0.5, "6": 0.46666666865348816, "7": 0.46666666865348816, "8": 0.5, "9": 0.5}}}, "64": {"Model:modelv2": {"runs": {"0": 0.13333334028720856, "1": 0.2666666805744171, "2": 0.3333333432674408, "3": 0.5333333611488342, "4": 0.6000000238418579, "5": 0.5666666626930237, "6": 0.5666666626930237, "7": 0.6000000238418579, "8": 0.46666666865348816, "9": 0.6000000238418579}}}, "256": {"Model:modelv2": {"runs": {"0": 0.6000000238418579, "1": 0.6000000238418579, "2": 0.6333333253860474, "3": 0.6333333253860474, "4": 0.5333333611488342, "5": 0.6000000238418579, "6": 0.6000000238418579, "7": 0.6000000238418579, "8": 0.6000000238418579, "9": 0.6000000238418579}}}, "512": {"Model:modelv2": {"runs": {"0": 0.0, "1": 0.03333333507180214, "2": 0.06666667014360428, "3": 0.4333333373069763, "4": 0.6000000238418579, "5": 0.6000000238418579, "6": 0.6000000238418579, "7": 0.6000000238418579, "8": 0.6000000238418579, "9": 0.6000000238418579}}}, "epochs": 240, "train_folder_len": 270, "val_folder_len": 30, "info": {"KFold": 10, "C": 0.01, "kernel": 4}, "model": "modelv2"}