{"32": {"Model:modelv4": {"runs": {"0": 0.1666666716337204, "1": 0.1666666716337204, "2": 0.5, "3": 0.46666666865348816, "4": 0.7333333492279053, "5": 0.6000000238418579, "6": 0.6000000238418579, "7": 0.5666666626930237, "8": 0.6666666865348816, "9": 0.7333333492279053}}}, "64": {"Model:modelv4": {"runs": {"0": 0.36666667461395264, "1": 0.46666666865348816, "2": 0.6666666865348816, "3": 0.46666666865348816, "4": 0.6333333253860474, "5": 0.6666666865348816, "6": 0.7666666507720947, "7": 0.7333333492279053, "8": 0.699999988079071, "9": 0.7666666507720947}}}, "256": {"Model:modelv4": {"runs": {"0": 0.0, "1": 0.0, "2": 0.0, "3": 0.0, "4": 0.0, "5": 0.0, "6": 0.0, "7": 0.0, "8": 0.0, "9": 0.0}}}, "512": {"Model:modelv4": {"runs": {"0": 0.0, "1": 0.0, "2": 0.0, "3": 0.0, "4": 0.0, "5": 0.0, "6": 0.0, "7": 0.0, "8": 0.0, "9": 0.0}}}, "epochs": 60, "train_folder_len": 270, "val_folder_len": 30, "info": {"KFold": 10}, "model": "modelv4"}