{"32": {"Model:modelv4": {"runs": {"0": 0.36666667461395264, "1": 0.5, "2": 0.5, "3": 0.5, "4": 0.5, "5": 0.46666666865348816, "6": 0.5333333611488342, "7": 0.5333333611488342, "8": 0.5, "9": 0.5}}}, "64": {"Model:modelv4": {"runs": {"0": 0.4333333373069763, "1": 0.5, "2": 0.5, "3": 0.5, "4": 0.03333333507180214, "5": 0.0, "6": 0.0, "7": 0.0, "8": 0.0, "9": 0.0}}}, "256": {"Model:modelv4": {"runs": {"0": 0.46666666865348816, "1": 0.5, "2": 0.46666666865348816, "3": 0.13333334028720856, "4": 0.0, "5": 0.0, "6": 0.0, "7": 0.0, "8": 0.03333333507180214, "9": 0.0}}}, "512": {"Model:modelv4": {"runs": {"0": 0.03333333507180214, "1": 0.03333333507180214, "2": 0.03333333507180214, "3": 0.0, "4": 0.0, "5": 0.03333333507180214, "6": 0.0, "7": 0.03333333507180214, "8": 0.0, "9": 0.0}}}, "epochs": 240, "train_folder_len": 270, "val_folder_len": 30, "info": {"KFold": 10, "C": 0.01, "kernel": 4}, "model": "modelv4"}