{
	"32": {
		"Model:modelv3": {
			"runs": {
				"0": 0.5666666626930237,
				"1": 0.5666666626930237,
				"2": 0.6000000238418579,
				"3": 0.5333333611488342,
				"4": 0.5666666626930237,
				"5": 0.5666666626930237,
				"6": 0.5666666626930237,
				"7": 0.5666666626930237,
				"8": 0.5666666626930237,
				"9": 0.5666666626930237
			}
		}
	},
	"64": {
		"Model:modelv3": {
			"runs": {
				"0": 0.6000000238418579,
				"1": 0.6000000238418579,
				"2": 0.6000000238418579,
				"3": 0.6000000238418579,
				"4": 0.6333333253860474,
				"5": 0.6000000238418579,
				"6": 0.6000000238418579,
				"7": 0.6000000238418579,
				"8": 0.6000000238418579,
				"9": 0.6000000238418579
			}
		}
	},
	"256": {
		"Model:modelv3": {
			"runs": {
				"0": 0.30000001192092896,
				"1": 0.4333333373069763,
				"2": 0.5666666626930237,
				"3": 0.20000000298023224,
				"4": 0.5666666626930237,
				"5": 0.5666666626930237,
				"6": 0.03333333507180214,
				"7": 0.0,
				"8": 0.06666667014360428,
				"9": 0.1666666716337204
			}
		}
	},
	"512": {
		"Model:modelv3": {
			"runs": {
				"0": 0.0,
				"1": 0.0,
				"2": 0.0,
				"3": 0.0,
				"4": 0.0,
				"5": 0.0,
				"6": 0.0,
				"7": 0.0,
				"8": 0.0,
				"9": 0.0
			}
		}
	},
	"epochs": 480,
	"train_folder_len": 270,
	"val_folder_len": 30,
	"info": {
		"KFold": 10
	},
	"model": "modelv3"
}
