{"32": {"Model:modelv3": {"runs": {"0": 0.6000000238418579, "1": 0.6333333253860474, "2": 0.6333333253860474, "3": 0.6333333253860474, "4": 0.6000000238418579, "5": 0.6333333253860474, "6": 0.6333333253860474, "7": 0.6333333253860474, "8": 0.5333333611488342, "9": 0.6000000238418579}}}, "64": {"Model:modelv3": {"runs": {"0": 0.6333333253860474, "1": 0.5666666626930237, "2": 0.6000000238418579, "3": 0.6000000238418579, "4": 0.6000000238418579, "5": 0.6333333253860474, "6": 0.6000000238418579, "7": 0.6000000238418579, "8": 0.6000000238418579, "9": 0.6000000238418579}}}, "256": {"Model:modelv3": {"runs": {"0": 0.6000000238418579, "1": 0.6333333253860474, "2": 0.6000000238418579, "3": 0.6000000238418579, "4": 0.6000000238418579, "5": 0.6000000238418579, "6": 0.6000000238418579, "7": 0.6000000238418579, "8": 0.6333333253860474, "9": 0.6000000238418579}}}, "512": {"Model:modelv3": {"runs": {"0": 0.03333333507180214, "1": 0.0, "2": 0.0, "3": 0.0, "4": 0.0, "5": 0.0, "6": 0.0, "7": 0.0, "8": 0.0, "9": 0.03333333507180214}}}, "epochs": 240, "train_folder_len": 270, "val_folder_len": 30, "info": {"KFold": 10, "C": 0.01, "kernel": 4}, "model": "modelv3"}