{"32": {"Model:modelv3": {"runs": {"0": 0.46666666865348816, "1": 0.6666666865348816, "2": 0.6333333253860474, "3": 0.6000000238418579, "4": 0.6666666865348816, "5": 0.6666666865348816, "6": 0.6666666865348816, "7": 0.6666666865348816, "8": 0.6666666865348816, "9": 0.6666666865348816}}}, "64": {"Model:modelv3": {"runs": {"0": 0.6000000238418579, "1": 0.6666666865348816, "2": 0.6666666865348816, "3": 0.6666666865348816, "4": 0.6666666865348816, "5": 0.699999988079071, "6": 0.6666666865348816, "7": 0.6666666865348816, "8": 0.6666666865348816, "9": 0.6666666865348816}}}, "256": {"Model:modelv3": {"runs": {"0": 0.6666666865348816, "1": 0.699999988079071, "2": 0.699999988079071, "3": 0.699999988079071, "4": 0.699999988079071, "5": 0.699999988079071, "6": 0.6666666865348816, "7": 0.699999988079071, "8": 0.699999988079071, "9": 0.699999988079071}}}, "512": {"Model:modelv3": {"runs": {"0": 0.06666667014360428, "1": 0.4000000059604645, "2": 0.23333333432674408, "3": 0.5333333611488342, "4": 0.6666666865348816, "5": 0.6666666865348816, "6": 0.699999988079071, "7": 0.6666666865348816, "8": 0.6666666865348816, "9": 0.6666666865348816}}}, "epochs": 240, "train_folder_len": 270, "val_folder_len": 30, "info": {"KFold": 10, "C": 0.01, "kernel": 4}, "model": "modelv3"}