{
	"32": {
		"Model:modelv2": {
			"runs": {
				"0": 0.4333333373069763,
				"1": 0.46666666865348816,
				"2": 0.5333333611488342,
				"3": 0.5,
				"4": 0.46666666865348816,
				"5": 0.5333333611488342,
				"6": 0.46666666865348816,
				"7": 0.5666666626930237,
				"8": 0.5666666626930237,
				"9": 0.5666666626930237
			}
		}
	},
	"64": {
		"Model:modelv2": {
			"runs": {
				"0": 0.46666666865348816,
				"1": 0.5333333611488342,
				"2": 0.5666666626930237,
				"3": 0.5666666626930237,
				"4": 0.5666666626930237,
				"5": 0.5666666626930237,
				"6": 0.5666666626930237,
				"7": 0.5666666626930237,
				"8": 0.5666666626930237,
				"9": 0.5666666626930237
			}
		}
	},
	"256": {
		"Model:modelv2": {
			"runs": {
				"0": 0.6333333253860474,
				"1": 0.6666666865348816,
				"2": 0.6333333253860474,
				"3": 0.5666666626930237,
				"4": 0.6000000238418579,
				"5": 0.6000000238418579,
				"6": 0.5666666626930237,
				"7": 0.5666666626930237,
				"8": 0.6000000238418579,
				"9": 0.6333333253860474
			}
		}
	},
	"512": {
		"Model:modelv2": {
			"runs": {
				"0": 0.6000000238418579,
				"1": 0.6000000238418579,
				"2": 0.6000000238418579,
				"3": 0.6000000238418579,
				"4": 0.5666666626930237,
				"5": 0.6333333253860474,
				"6": 0.5666666626930237,
				"7": 0.5666666626930237,
				"8": 0.5666666626930237,
				"9": 0.5666666626930237
			}
		}
	},
	"epochs": 480,
	"train_folder_len": 270,
	"val_folder_len": 30,
	"info": {
		"KFold": 10
	},
	"model": "modelv2"
}
