{"32": {"Model:modelv2": {"runs": {"0": 0.10000000149011612, "1": 0.2666666805744171, "2": 0.46666666865348816, "3": 0.36666667461395264, "4": 0.3333333432674408, "5": 0.46666666865348816, "6": 0.5, "7": 0.5, "8": 0.4333333373069763, "9": 0.5}}}, "64": {"Model:modelv2": {"runs": {"0": 0.20000000298023224, "1": 0.46666666865348816, "2": 0.5, "3": 0.5333333611488342, "4": 0.4000000059604645, "5": 0.5333333611488342, "6": 0.5333333611488342, "7": 0.5333333611488342, "8": 0.5333333611488342, "9": 0.5333333611488342}}}, "256": {"Model:modelv2": {"runs": {"0": 0.06666667014360428, "1": 0.23333333432674408, "2": 0.13333334028720856, "3": 0.30000001192092896, "4": 0.3333333432674408, "5": 0.30000001192092896, "6": 0.36666667461395264, "7": 0.4333333373069763, "8": 0.5, "9": 0.5}}}, "512": {"Model:modelv2": {"runs": {"0": 0.0, "1": 0.10000000149011612, "2": 0.5, "3": 0.5, "4": 0.5333333611488342, "5": 0.5, "6": 0.5, "7": 0.5, "8": 0.4333333373069763, "9": 0.5}}}, "epochs": 240, "train_folder_len": 270, "val_folder_len": 30, "info": {"KFold": 10, "C": 0.01, "kernel": 4}, "model": "modelv2"}