{"32": {"Model:modelv2": {"runs": {"0": 0.06666667014360428, "1": 0.13333334028720856, "2": 0.2666666805744171, "3": 0.3333333432674408, "4": 0.5, "5": 0.4333333373069763, "6": 0.5666666626930237, "7": 0.6666666865348816, "8": 0.6000000238418579, "9": 0.6333333253860474}}}, "64": {"Model:modelv2": {"runs": {"0": 0.13333334028720856, "1": 0.4333333373069763, "2": 0.5, "3": 0.6333333253860474, "4": 0.6333333253860474, "5": 0.6333333253860474, "6": 0.6000000238418579, "7": 0.6333333253860474, "8": 0.6333333253860474, "9": 0.6333333253860474}}}, "256": {"Model:modelv2": {"runs": {"0": 0.13333334028720856, "1": 0.6000000238418579, "2": 0.6333333253860474, "3": 0.5666666626930237, "4": 0.5333333611488342, "5": 0.6333333253860474, "6": 0.5333333611488342, "7": 0.6333333253860474, "8": 0.6333333253860474, "9": 0.6333333253860474}}}, "512": {"Model:modelv2": {"runs": {"0": 0.06666667014360428, "1": 0.5666666626930237, "2": 0.0, "3": 0.0, "4": 0.23333333432674408, "5": 0.4000000059604645, "6": 0.5, "7": 0.5333333611488342, "8": 0.6000000238418579, "9": 0.6333333253860474}}}, "epochs": 240, "train_folder_len": 270, "val_folder_len": 30, "info": {"KFold": 10, "C": 0.01, "kernel": 4}, "model": "modelv2"}