{"32": {"Model:1": {"runs": {"0": 0.05000000074505806, "1": 0.07222222536802292, "2": 0.16111111640930176, "3": 0.07222222536802292, "4": 0.07777778059244156, "5": 0.0555555559694767, "6": 0.1111111119389534, "7": 0.15000000596046448, "8": 0.1111111119389534, "9": 0.14444445073604584}}, "Model:2": {"runs": {"0": 0.05000000074505806, "1": 0.07222222536802292, "2": 0.16111111640930176, "3": 0.07222222536802292, "4": 0.07777778059244156, "5": 0.0555555559694767, "6": 0.1111111119389534, "7": 0.15000000596046448, "8": 0.1111111119389534, "9": 0.14444445073604584}}, "Model:3": {"runs": {"0": 0.05000000074505806, "1": 0.07222222536802292, "2": 0.16111111640930176, "3": 0.07222222536802292, "4": 0.07777778059244156, "5": 0.0555555559694767, "6": 0.1111111119389534, "7": 0.15000000596046448, "8": 0.1111111119389534, "9": 0.14444445073604584}}}, "64": {"Model:1": {"runs": {"0": 0.05000000074505806, "1": 0.07777778059244156, "2": 0.12222222238779068, "3": 0.0833333358168602, "4": 0.08888889104127884, "5": 0.0833333358168602, "6": 0.07222222536802292, "7": 0.07222222536802292, "8": 0.06666667014360428, "9": 0.10000000149011612}}, "Model:2": {"runs": {"0": 0.05000000074505806, "1": 0.07777778059244156, "2": 0.12222222238779068, "3": 0.0833333358168602, "4": 0.08888889104127884, "5": 0.0833333358168602, "6": 0.07222222536802292, "7": 0.07222222536802292, "8": 0.06666667014360428, "9": 0.10000000149011612}}, "Model:3": {"runs": {"0": 0.05000000074505806, "1": 0.07777778059244156, "2": 0.12222222238779068, "3": 0.0833333358168602, "4": 0.08888889104127884, "5": 0.0833333358168602, "6": 0.07222222536802292, "7": 0.07222222536802292, "8": 0.06666667014360428, "9": 0.10000000149011612}}}, "256": {"Model:1": {"runs": {"0": 0.0055555556900799274, "1": 0.0055555556900799274, "2": 0.0055555556900799274, "3": 0.0055555556900799274, "4": 0.0055555556900799274, "5": 0.0055555556900799274, "6": 0.0055555556900799274, "7": 0.0055555556900799274, "8": 0.0055555556900799274, "9": 0.0055555556900799274}}, "Model:2": {"runs": {"0": 0.0055555556900799274, "1": 0.0055555556900799274, "2": 0.0055555556900799274, "3": 0.0055555556900799274, "4": 0.0055555556900799274, "5": 0.0055555556900799274, "6": 0.0055555556900799274, "7": 0.0055555556900799274, "8": 0.0055555556900799274, "9": 0.0055555556900799274}}, "Model:3": {"runs": {"0": 0.0055555556900799274, "1": 0.0055555556900799274, "2": 0.0055555556900799274, "3": 0.0055555556900799274, "4": 0.0055555556900799274, "5": 0.0055555556900799274, "6": 0.0055555556900799274, "7": 0.0055555556900799274, "8": 0.0055555556900799274, "9": 0.0055555556900799274}}}, "512": {"Model:1": {"runs": {"0": 0.0055555556900799274, "1": 0.0055555556900799274, "2": 0.0055555556900799274, "3": 0.0055555556900799274, "4": 0.0055555556900799274, "5": 0.0055555556900799274, "6": 0.0055555556900799274, "7": 0.0055555556900799274, "8": 0.0055555556900799274, "9": 0.0055555556900799274}}, "Model:2": {"runs": {"0": 0.0055555556900799274, "1": 0.0055555556900799274, "2": 0.0055555556900799274, "3": 0.0055555556900799274, "4": 0.0055555556900799274, "5": 0.0055555556900799274, "6": 0.0055555556900799274, "7": 0.0055555556900799274, "8": 0.0055555556900799274, "9": 0.0055555556900799274}}, "Model:3": {"runs": {"0": 0.0055555556900799274, "1": 0.0055555556900799274, "2": 0.0055555556900799274, "3": 0.0055555556900799274, "4": 0.0055555556900799274, "5": 0.0055555556900799274, "6": 0.0055555556900799274, "7": 0.0055555556900799274, "8": 0.0055555556900799274, "9": 0.0055555556900799274}}}, "epochs": 120, "train_folder_len": 300, "val_folder_len": 180}