{"32": {"Model:modelv4": {"runs": {"0": 0.5, "1": 0.6000000238418579, "2": 0.5666666626930237, "3": 0.6000000238418579, "4": 0.6000000238418579, "5": 0.5666666626930237, "6": 0.6000000238418579, "7": 0.5666666626930237, "8": 0.5666666626930237, "9": 0.5666666626930237}}}, "64": {"Model:modelv4": {"runs": {"0": 0.6000000238418579, "1": 0.5666666626930237, "2": 0.6000000238418579, "3": 0.0, "4": 0.0, "5": 0.0, "6": 0.0, "7": 0.0, "8": 0.0, "9": 0.0}}}, "256": {"Model:modelv4": {"runs": {"0": 0.6333333253860474, "1": 0.5666666626930237, "2": 0.6000000238418579, "3": 0.5333333611488342, "4": 0.6333333253860474, "5": 0.5666666626930237, "6": 0.6000000238418579, "7": 0.5666666626930237, "8": 0.6000000238418579, "9": 0.6333333253860474}}}, "512": {"Model:modelv4": {"runs": {"0": 0.0, "1": 0.0, "2": 0.0, "3": 0.0, "4": 0.0, "5": 0.0, "6": 0.0, "7": 0.0, "8": 0.0, "9": 0.0}}}, "epochs": 240, "train_folder_len": 270, "val_folder_len": 30, "info": {"KFold": 10}, "model": "modelv4"}