{"32": {"Model:modelv2": {"runs": {"0": 0.03333333507180214, "1": 0.03333333507180214, "2": 0.2666666805744171, "3": 0.36666667461395264, "4": 0.4333333373069763, "5": 0.4333333373069763, "6": 0.4333333373069763, "7": 0.46666666865348816, "8": 0.46666666865348816, "9": 0.46666666865348816}}}, "64": {"Model:modelv2": {"runs": {"0": 0.13333334028720856, "1": 0.3333333432674408, "2": 0.46666666865348816, "3": 0.46666666865348816, "4": 0.30000001192092896, "5": 0.5, "6": 0.36666667461395264, "7": 0.5, "8": 0.46666666865348816, "9": 0.5}}}, "256": {"Model:modelv2": {"runs": {"0": 0.5333333611488342, "1": 0.5, "2": 0.46666666865348816, "3": 0.5666666626930237, "4": 0.5, "5": 0.5, "6": 0.5, "7": 0.5, "8": 0.5, "9": 0.5}}}, "512": {"Model:modelv2": {"runs": {"0": 0.10000000149011612, "1": 0.46666666865348816, "2": 0.5333333611488342, "3": 0.5, "4": 0.5, "5": 0.5, "6": 0.5, "7": 0.5, "8": 0.5333333611488342, "9": 0.5}}}, "epochs": 240, "train_folder_len": 270, "val_folder_len": 30, "info": {"KFold": 10, "C": 0.01, "kernel": 4}, "model": "modelv2"}