{"32": {"Model:modelv3": {"runs": {"0": 0.4333333373069763, "1": 0.5333333611488342, "2": 0.4333333373069763, "3": 0.5, "4": 0.5, "5": 0.5, "6": 0.5333333611488342, "7": 0.5333333611488342, "8": 0.5333333611488342, "9": 0.46666666865348816}}}, "64": {"Model:modelv3": {"runs": {"0": 0.4000000059604645, "1": 0.5, "2": 0.5, "3": 0.5, "4": 0.5, "5": 0.5, "6": 0.5, "7": 0.5, "8": 0.5, "9": 0.5}}}, "256": {"Model:modelv3": {"runs": {"0": 0.5, "1": 0.5, "2": 0.5, "3": 0.5, "4": 0.5, "5": 0.4333333373069763, "6": 0.5, "7": 0.5, "8": 0.5, "9": 0.5}}}, "512": {"Model:modelv3": {"runs": {"0": 0.0, "1": 0.0, "2": 0.03333333507180214, "3": 0.0, "4": 0.0, "5": 0.03333333507180214, "6": 0.0, "7": 0.0, "8": 0.0, "9": 0.03333333507180214}}}, "epochs": 240, "train_folder_len": 270, "val_folder_len": 30, "info": {"KFold": 10, "C": 0.01, "kernel": 4}, "model": "modelv3"}