{"32": {"0": 0.0555555559694767, "1": 0.07222222536802292, "2": 0.02222222276031971, "3": 0.06111111119389534, "4": 0.07222222536802292, "5": 0.05000000074505806, "6": 0.04444444552063942, "7": 0.0833333358168602, "8": 0.04444444552063942, "9": 0.03888889029622078}, "64": {"0": 0.05000000074505806, "1": 0.03888889029622078, "2": 0.0555555559694767, "3": 0.04444444552063942, "4": 0.05000000074505806, "5": 0.02222222276031971, "6": 0.04444444552063942, "7": 0.03888889029622078, "8": 0.06666667014360428, "9": 0.02222222276031971}, "256": {"0": 0.0555555559694767, "1": 0.07222222536802292, "2": 0.02777777798473835, "3": 0.07777778059244156, "4": 0.07222222536802292, "5": 0.11666666716337204, "6": 0.03333333507180214, "7": 0.03888889029622078, "8": 0.08888889104127884, "9": 0.0833333358168602}, "512": {"0": 0.02222222276031971, "1": 0.09444444626569748, "2": 0.0555555559694767, "3": 0.05000000074505806, "4": 0.11666666716337204, "5": 0.07222222536802292, "6": 0.07222222536802292, "7": 0.09444444626569748, "8": 0.0555555559694767, "9": 0.05000000074505806}, "epochs": 920, "train_folder_len": 300, "val_folder_len": 180}