{
	"32": {
		"Model:modelv2": {
			"runs": {
				"0": 0.06666667014360428,
				"1": 0.03333333507180214,
				"2": 0.13333334028720856,
				"3": 0.1666666716337204,
				"4": 0.13333334028720856,
				"5": 0.2666666805744171,
				"6": 0.2666666805744171,
				"7": 0.20000000298023224,
				"8": 0.2666666805744171,
				"9": 0.2666666805744171
			}
		}
	},
	"64": {
		"Model:modelv2": {
			"runs": {
				"0": 0.06666667014360428,
				"1": 0.06666667014360428,
				"2": 0.1666666716337204,
				"3": 0.2666666805744171,
				"4": 0.2666666805744171,
				"5": 0.20000000298023224,
				"6": 0.30000001192092896,
				"7": 0.30000001192092896,
				"8": 0.4333333373069763,
				"9": 0.5
			}
		}
	},
	"256": {
		"Model:modelv2": {
			"runs": {
				"0": 0.03333333507180214,
				"1": 0.13333334028720856,
				"2": 0.06666667014360428,
				"3": 0.30000001192092896,
				"4": 0.2666666805744171,
				"5": 0.4000000059604645,
				"6": 0.4000000059604645,
				"7": 0.5,
				"8": 0.5,
				"9": 0.5666666626930237
			}
		}
	},
	"512": {
		"Model:modelv2": {
			"runs": {
				"0": 0.03333333507180214,
				"1": 0.0,
				"2": 0.0,
				"3": 0.0,
				"4": 0.0,
				"5": 0.0,
				"6": 0.0,
				"7": 0.0,
				"8": 0.0,
				"9": 0.0
			}
		}
	},
	"epochs": 60,
	"train_folder_len": 270,
	"val_folder_len": 30,
	"info": {
		"KFold": 10
	},
	"model": "modelv2"
}
